"FIPS","Value"
"01001",24.93859367867065
"01003",26.233383532588334
"01005",19.888402340389817
"01007",23.744128319561916
"01009",18.34003644157045
"01011",31.198544945530926
"01013",23.830234804710877
"01015",23.921492612690358
"01017",21.557791387044226
"01019",32.01347715668621
